<?xml version='1.0' encoding='UTF-8'?>
<?artifactRepository version='1.1.0'?>
<repository name='ChromeDevTools Update Site Artifacts' type='org.eclipse.equinox.p2.artifact.repository.simpleRepository' version='1'>
  <properties size='2'>
    <property name='p2.timestamp' value='1349308885354'/>
    <property name='p2.compressed' value='false'/>
  </properties>
  <mappings size='3'>
    <rule filter='(&amp; (classifier=osgi.bundle))' output='${repoUrl}/plugins/${id}_${version}.jar'/>
    <rule filter='(&amp; (classifier=binary))' output='${repoUrl}/binary/${id}_${version}'/>
    <rule filter='(&amp; (classifier=org.eclipse.update.feature))' output='${repoUrl}/features/${id}_${version}.jar'/>
  </mappings>
  <artifacts size='23'>
    <artifact classifier='org.eclipse.update.feature' id='org.chromium.debug' version='0.3.8.201210040400'>
      <properties size='4'>
        <property name='artifact.size' value='3929'/>
        <property name='download.size' value='3929'/>
        <property name='download.md5' value='ec8ef301ff2b23956bc33d69d9adcfc1'/>
        <property name='download.contentType' value='application/zip'/>
      </properties>
    </artifact>
    <artifact classifier='osgi.bundle' id='org.chromium.sdk.wipbackend.wk118685' version='0.3.8.201210040401'>
      <properties size='3'>
        <property name='artifact.size' value='688598'/>
        <property name='download.size' value='688598'/>
        <property name='download.md5' value='133d8ef8158617748f6a0558ce8a87e7'/>
      </properties>
    </artifact>
    <artifact classifier='org.eclipse.update.feature' id='org.chromium.debug.jsdtbridge.source' version='0.3.8.201210040400'>
      <properties size='4'>
        <property name='artifact.size' value='2544'/>
        <property name='download.size' value='2544'/>
        <property name='download.md5' value='b2b31f17b26d3e96b64c43d50329dd91'/>
        <property name='download.contentType' value='application/zip'/>
      </properties>
    </artifact>
    <artifact classifier='org.eclipse.update.feature' id='org.chromium.debug.source' version='0.3.8.201210040400'>
      <properties size='4'>
        <property name='artifact.size' value='2532'/>
        <property name='download.size' value='2532'/>
        <property name='download.md5' value='e2199957bd24d7c0a0deef8dd0e75522'/>
        <property name='download.contentType' value='application/zip'/>
      </properties>
    </artifact>
    <artifact classifier='osgi.bundle' id='org.chromium.debug.source' version='0.3.8.201210040400'>
      <properties size='3'>
        <property name='artifact.size' value='246557'/>
        <property name='download.size' value='246557'/>
        <property name='download.md5' value='b75b67269fe8aecf0ef66a0a22c20e7e'/>
      </properties>
    </artifact>
    <artifact classifier='osgi.bundle' id='org.chromium.debug.jsdtbridge.source' version='0.3.8.201210040400'>
      <properties size='3'>
        <property name='artifact.size' value='6546'/>
        <property name='download.size' value='6546'/>
        <property name='download.md5' value='cc73858a4c776178cf2134a46817a88a'/>
      </properties>
    </artifact>
    <artifact classifier='org.eclipse.update.feature' id='org.chromium.sdk' version='0.3.8.201210040400'>
      <properties size='4'>
        <property name='artifact.size' value='3721'/>
        <property name='download.size' value='3721'/>
        <property name='download.md5' value='c295fe4c372783d54f3471824b04228d'/>
        <property name='download.contentType' value='application/zip'/>
      </properties>
    </artifact>
    <artifact classifier='osgi.bundle' id='org.chromium.debug.jsdtbridge' version='0.3.8.201210040400'>
      <properties size='3'>
        <property name='artifact.size' value='13099'/>
        <property name='download.size' value='13099'/>
        <property name='download.md5' value='1eec23e8fc95e3f66c2ab389b318479e'/>
      </properties>
    </artifact>
    <artifact classifier='osgi.bundle' id='org.chromium.debug.ui' version='0.3.8.201210040400'>
      <properties size='3'>
        <property name='artifact.size' value='549464'/>
        <property name='download.size' value='549464'/>
        <property name='download.md5' value='990babd30e4e7db07c6c1daf85882783'/>
      </properties>
    </artifact>
    <artifact classifier='org.eclipse.update.feature' id='org.chromium.sdk.wip.source' version='0.1.10.201210040401'>
      <properties size='4'>
        <property name='artifact.size' value='3691'/>
        <property name='download.size' value='3691'/>
        <property name='download.md5' value='2d25eb577be04f1fafcfca9df5ec8a22'/>
        <property name='download.contentType' value='application/zip'/>
      </properties>
    </artifact>
    <artifact classifier='osgi.bundle' id='org.chromium.sdk' version='0.3.8.201210040400'>
      <properties size='3'>
        <property name='artifact.size' value='620777'/>
        <property name='download.size' value='620777'/>
        <property name='download.md5' value='8ecba8438c43c002cd70ee0665e354e4'/>
      </properties>
    </artifact>
    <artifact classifier='org.eclipse.update.feature' id='org.chromium.source' version='0.3.8.201210040400'>
      <properties size='4'>
        <property name='artifact.size' value='3697'/>
        <property name='download.size' value='3697'/>
        <property name='download.md5' value='ee6df62ed7dfd986667ec2c744314cdf'/>
        <property name='download.contentType' value='application/zip'/>
      </properties>
    </artifact>
    <artifact classifier='osgi.bundle' id='org.chromium.debug' version='0.3.8.201210040400'>
      <properties size='3'>
        <property name='artifact.size' value='5168'/>
        <property name='download.size' value='5168'/>
        <property name='download.md5' value='64123bed6cdb38700ad62d2eeb32d1d8'/>
      </properties>
    </artifact>
    <artifact classifier='org.eclipse.update.feature' id='org.chromium.debug.jsdtbridge' version='0.3.8.201210040400'>
      <properties size='4'>
        <property name='artifact.size' value='3818'/>
        <property name='download.size' value='3818'/>
        <property name='download.md5' value='1e66d506670a8a2bebc6dc79ae6dc5e9'/>
        <property name='download.contentType' value='application/zip'/>
      </properties>
    </artifact>
    <artifact classifier='osgi.bundle' id='org.chromium.sdk.wipbackends.source' version='0.1.10.201210040401'>
      <properties size='3'>
        <property name='artifact.size' value='575827'/>
        <property name='download.size' value='575827'/>
        <property name='download.md5' value='612b2f2f0983d82f49e73c6c9eea7b6d'/>
      </properties>
    </artifact>
    <artifact classifier='osgi.bundle' id='org.chromium.debug.core' version='0.3.8.201210040400'>
      <properties size='3'>
        <property name='artifact.size' value='365708'/>
        <property name='download.size' value='365708'/>
        <property name='download.md5' value='63a1d9befa7cc7ed56919bd09a5cc97e'/>
      </properties>
    </artifact>
    <artifact classifier='osgi.bundle' id='org.chromium.sdk.source' version='0.3.8.201210040400'>
      <properties size='3'>
        <property name='artifact.size' value='223896'/>
        <property name='download.size' value='223896'/>
        <property name='download.md5' value='3ab52d0a9882eb33f92c5a08a1f226fa'/>
      </properties>
    </artifact>
    <artifact classifier='osgi.bundle' id='org.chromium.sdk.wipbackend.wk120709' version='0.3.8.201210040401'>
      <properties size='3'>
        <property name='artifact.size' value='704861'/>
        <property name='download.size' value='704861'/>
        <property name='download.md5' value='4a8f531f17c1d81d9bec15dbe221182c'/>
      </properties>
    </artifact>
    <artifact classifier='org.eclipse.update.feature' id='org.chromium.sdk.source' version='0.3.8.201210040400'>
      <properties size='4'>
        <property name='artifact.size' value='2498'/>
        <property name='download.size' value='2498'/>
        <property name='download.md5' value='624a0955238cce9c6aa7dd3a97dd182d'/>
        <property name='download.contentType' value='application/zip'/>
      </properties>
    </artifact>
    <artifact classifier='osgi.bundle' id='org.chromium.sdk.wip.eclipse' version='0.3.8.201210040400'>
      <properties size='3'>
        <property name='artifact.size' value='3683'/>
        <property name='download.size' value='3683'/>
        <property name='download.md5' value='1a985aac320e36c9ba7e6bb0454c6bb0'/>
      </properties>
    </artifact>
    <artifact classifier='org.eclipse.update.feature' id='org.chromium.sdk.wipbackends' version='0.1.10.201210040401'>
      <properties size='4'>
        <property name='artifact.size' value='3796'/>
        <property name='download.size' value='3796'/>
        <property name='download.md5' value='0e5687e1c0a9c3931b1a9d221a5b7d97'/>
        <property name='download.contentType' value='application/zip'/>
      </properties>
    </artifact>
    <artifact classifier='osgi.bundle' id='org.chromium.sdk.wipbackend.protocol_1_0' version='0.3.8.201210040401'>
      <properties size='3'>
        <property name='artifact.size' value='647903'/>
        <property name='download.size' value='647903'/>
        <property name='download.md5' value='25d55773465d383c69dd0b6c7ef4ae60'/>
      </properties>
    </artifact>
    <artifact classifier='org.eclipse.update.feature' id='org.chromium.sdk.wipbackends.source' version='0.1.10.201210040401'>
      <properties size='4'>
        <property name='artifact.size' value='2525'/>
        <property name='download.size' value='2525'/>
        <property name='download.md5' value='1c86c582b0a662d7177723f515a5cf7e'/>
        <property name='download.contentType' value='application/zip'/>
      </properties>
    </artifact>
  </artifacts>
</repository>
